-- MySQL dump 10.13  Distrib 5.7.19, for Win64 (x86_64)
--
-- Host: localhost    Database: programming_school
-- ------------------------------------------------------
-- Server version	5.7.19-log

/*!40101 SET @OLD_CHARACTER_SET_CLIENT=@@CHARACTER_SET_CLIENT */;
/*!40101 SET @OLD_CHARACTER_SET_RESULTS=@@CHARACTER_SET_RESULTS */;
/*!40101 SET @OLD_COLLATION_CONNECTION=@@COLLATION_CONNECTION */;
/*!40101 SET NAMES utf8 */;
/*!40103 SET @OLD_TIME_ZONE=@@TIME_ZONE */;
/*!40103 SET TIME_ZONE='+00:00' */;
/*!40014 SET @OLD_UNIQUE_CHECKS=@@UNIQUE_CHECKS, UNIQUE_CHECKS=0 */;
/*!40014 SET @OLD_FOREIGN_KEY_CHECKS=@@FOREIGN_KEY_CHECKS, FOREIGN_KEY_CHECKS=0 */;
/*!40101 SET @OLD_SQL_MODE=@@SQL_MODE, SQL_MODE='NO_AUTO_VALUE_ON_ZERO' */;
/*!40111 SET @OLD_SQL_NOTES=@@SQL_NOTES, SQL_NOTES=0 */;

--
-- Table structure for table `exercise`
--

DROP TABLE IF EXISTS `exercise`;
/*!40101 SET @saved_cs_client     = @@character_set_client */;
/*!40101 SET character_set_client = utf8 */;
CREATE TABLE `exercise` (
  `id` int(11) NOT NULL AUTO_INCREMENT,
  `title` varchar(255) DEFAULT NULL,
  `description` text,
  PRIMARY KEY (`id`)
) ENGINE=InnoDB AUTO_INCREMENT=5 DEFAULT CHARSET=utf8;
/*!40101 SET character_set_client = @saved_cs_client */;

--
-- Dumping data for table `exercise`
--

LOCK TABLES `exercise` WRITE;
/*!40000 ALTER TABLE `exercise` DISABLE KEYS */;
INSERT INTO `exercise` VALUES (1,'exercise1','Create database'),(2,'exercise2','Create tables'),(3,'exercise3','Fill tables'),(4,'exercise4','Querry DB');
/*!40000 ALTER TABLE `exercise` ENABLE KEYS */;
UNLOCK TABLES;

--
-- Table structure for table `solution`
--

DROP TABLE IF EXISTS `solution`;
/*!40101 SET @saved_cs_client     = @@character_set_client */;
/*!40101 SET character_set_client = utf8 */;
CREATE TABLE `solution` (
  `id` int(11) NOT NULL AUTO_INCREMENT,
  `created` datetime DEFAULT NULL,
  `updated` datetime DEFAULT NULL,
  `description` text,
  `exercise_id` int(11) DEFAULT NULL,
  `users_id` bigint(20) DEFAULT NULL,
  PRIMARY KEY (`id`),
  KEY `solution_exercise_id_fk` (`exercise_id`),
  KEY `solution_users_id_fk` (`users_id`),
  CONSTRAINT `solution_exercise_id_fk` FOREIGN KEY (`exercise_id`) REFERENCES `exercise` (`id`) ON DELETE CASCADE ON UPDATE CASCADE,
  CONSTRAINT `solution_users_id_fk` FOREIGN KEY (`users_id`) REFERENCES `users` (`id`)
) ENGINE=InnoDB AUTO_INCREMENT=5 DEFAULT CHARSET=utf8;
/*!40101 SET character_set_client = @saved_cs_client */;

--
-- Dumping data for table `solution`
--

LOCK TABLES `solution` WRITE;
/*!40000 ALTER TABLE `solution` DISABLE KEYS */;
INSERT INTO `solution` VALUES (1,'2017-10-10 00:00:00','2017-11-11 00:00:00','Solution1',1,1),(2,'2017-11-12 00:00:00','2017-11-13 00:00:00','Solution2',2,2),(3,'2017-10-10 00:00:00','2017-10-20 00:00:00','Solution3',2,3),(4,'2017-10-11 00:00:00','2017-11-11 00:00:00','Solution4',3,3);
/*!40000 ALTER TABLE `solution` ENABLE KEYS */;
UNLOCK TABLES;

--
-- Table structure for table `user_group`
--

DROP TABLE IF EXISTS `user_group`;
/*!40101 SET @saved_cs_client     = @@character_set_client */;
/*!40101 SET character_set_client = utf8 */;
CREATE TABLE `user_group` (
  `id` int(11) NOT NULL AUTO_INCREMENT,
  `name` varchar(255) DEFAULT NULL,
  PRIMARY KEY (`id`)
) ENGINE=InnoDB AUTO_INCREMENT=5 DEFAULT CHARSET=utf8;
/*!40101 SET character_set_client = @saved_cs_client */;

--
-- Dumping data for table `user_group`
--

LOCK TABLES `user_group` WRITE;
/*!40000 ALTER TABLE `user_group` DISABLE KEYS */;
INSERT INTO `user_group` VALUES (1,'Group1'),(2,'Group2'),(3,'Group3'),(4,'Group4');
/*!40000 ALTER TABLE `user_group` ENABLE KEYS */;
UNLOCK TABLES;

--
-- Table structure for table `users`
--

DROP TABLE IF EXISTS `users`;
/*!40101 SET @saved_cs_client     = @@character_set_client */;
/*!40101 SET character_set_client = utf8 */;
CREATE TABLE `users` (
  `id` bigint(20) NOT NULL AUTO_INCREMENT,
  `username` varchar(255) DEFAULT NULL,
  `email` varchar(255) DEFAULT NULL,
  `password` varchar(245) DEFAULT NULL,
  `salt` varchar(10) DEFAULT NULL,
  `person_group_id` int(11) DEFAULT NULL,
  PRIMARY KEY (`id`),
  KEY `users_user_group_id_fk` (`person_group_id`),
  CONSTRAINT `users_user_group_id_fk` FOREIGN KEY (`person_group_id`) REFERENCES `user_group` (`id`) ON DELETE CASCADE ON UPDATE CASCADE
) ENGINE=InnoDB AUTO_INCREMENT=5 DEFAULT CHARSET=utf8;
/*!40101 SET character_set_client = @saved_cs_client */;

--
-- Dumping data for table `users`
--

LOCK TABLES `users` WRITE;
/*!40000 ALTER TABLE `users` DISABLE KEYS */;
INSERT INTO `users` VALUES (1,'Luk','luk@gmail.com','pass1','234562345',1),(2,'Mak','mak@gmail.com','pass2','34w763347',2),(3,'Tom','tom@yahoo.com','pass3','34532546',2),(4,'Tim','tim@wp.pl','pass4','3425623456',3);
/*!40000 ALTER TABLE `users` ENABLE KEYS */;
UNLOCK TABLES;
/*!40103 SET TIME_ZONE=@OLD_TIME_ZONE */;

/*!40101 SET SQL_MODE=@OLD_SQL_MODE */;
/*!40014 SET FOREIGN_KEY_CHECKS=@OLD_FOREIGN_KEY_CHECKS */;
/*!40014 SET UNIQUE_CHECKS=@OLD_UNIQUE_CHECKS */;
/*!40101 SET CHARACTER_SET_CLIENT=@OLD_CHARACTER_SET_CLIENT */;
/*!40101 SET CHARACTER_SET_RESULTS=@OLD_CHARACTER_SET_RESULTS */;
/*!40101 SET COLLATION_CONNECTION=@OLD_COLLATION_CONNECTION */;
/*!40111 SET SQL_NOTES=@OLD_SQL_NOTES */;

-- Dump completed on 2017-10-07 15:29:29